{"precision": 0.8860857953490219, "recall": 0.826349839899924, "f1": 0.8551759144136413, "accuracy": 0.9834179668692276, "iou": 0.7469932937125754, "TP": 47896525, "FP": 6157524, "FN": 10065034, "TN": 914202325}